model,dataset,source,series,runtime_sec,n_train,n_test,sliding_window,AUC-PR,AUC-ROC,VUS-PR,VUS-ROC,Standard-F1,PA-F1,Event-based-F1,R-based-F1,Affiliation-F
FITS,GECCO,mtsbench,GECCO/GECCO_water_quality,57.02,27560,83113,39,0.11790500889282954,0.7584033558046903,0.12721041375635417,0.8474343345326869,0.04415011037527594,0.5546492659053833,0.1678321678321675,0.0008613866273168433,0.27623191334975444
FITS,PSM,mtsbench,PSM/PSM,179.02,132481,70273,125,0.3908948324314509,0.5679864705824094,0.4353781404630487,0.609851583124223,0.002037110845401001,0.8624593429313432,0.1635555555555552,0.010663532378222025,0.3877285688271775
FITS,Daphnet,mtsbench,Daphnet/Daphnet_S01R01E1,24.3,13796,58880,69,0.13612463458315222,0.7353605804222559,0.15430985648697443,0.761442143358248,0.053224553224553224,0.8989233135574599,0.25257335996312774,0.010397459775128619,0.788329965112035
FITS,Daphnet,mtsbench,Daphnet/Daphnet_S02R01E0,24.26,5120,20480,58,0.3281855956559688,0.7388252310199854,0.3404117567045218,0.7558643735815889,0.09577177789098319,0.9398752127056155,0.5603576751117729,0.03453309828656851,0.72344025969876
FITS,Daphnet,mtsbench,Daphnet/Daphnet_S02R02E0,56.88,12182,51968,62,0.2643045210368833,0.7549750909097427,0.27671499577864583,0.7663338498527383,0.0833535844471446,0.9414843645148302,0.5129414471413777,0.018963149419476667,0.7259245246858413
FITS,Daphnet,mtsbench,Daphnet/Daphnet_S03R01E0,42.92,9281,44032,38,0.3905649871178502,0.8549985687101637,0.4108684922333434,0.8703885658306726,0.07201587751630281,0.8057604495960661,0.49110595514307764,0.01737754880318778,0.7556026361512738
FITS,Daphnet,mtsbench,Daphnet/Daphnet_S03R01E1,22.07,4533,28672,54,0.5328185464582351,0.8855870770488451,0.5571145815253465,0.8915959136271496,0.0026465028355387526,0.13123452423063317,0.10370370370370327,0.015115815034375656,0.3248786592971125
FITS,Daphnet,mtsbench,Daphnet/Daphnet_S03R02E0,16.76,3328,13312,150,0.5638244080055798,0.9076220981096963,0.6344503642334256,0.9302277866524387,0.10391686650679456,0.9858914065840103,0.797546012269938,0.05183683837160283,0.8142329444038776
FITS,Daphnet,mtsbench,Daphnet/Daphnet_S05R01E0,17.22,3788,15872,64,0.08835069388224931,0.6568163954011,0.09680481320726453,0.680085908794604,0.001949317738791423,0.40342679127725856,0.14285714285714246,0.0274655770009853,0.4124320842343107
FITS,Daphnet,mtsbench,Daphnet/Daphnet_S05R01E1,10.47,2099,11674,73,0.521441712229636,0.9034882077740896,0.5821590343734808,0.9208365597457197,0.04797047970479705,0.9713174526008751,0.6995515695067258,0.04535363181410073,0.7864854795041739
FITS,Daphnet,mtsbench,Daphnet/Daphnet_S05R01E2,9.53,1940,11264,63,0.23801394911523494,0.5698534770898527,0.2477927161312667,0.5665470068799011,0.0636292223095051,0.9621052631578947,0.525547445255474,0.0816753972467555,0.7709495242768654
FITS,Daphnet,mtsbench,Daphnet/Daphnet_S05R01E3,5.97,1088,7680,67,0.5128565568776784,0.5345972254794663,0.5423853097898911,0.5721090318554758,0.027743373792420114,0.8879888268156425,0.673346693386773,0.10573001863774566,0.6653089051692663
FITS,Daphnet,mtsbench,Daphnet/Daphnet_S05R02E0,32.21,6726,28672,64,0.4885542956840164,0.8227137459609611,0.5165312411044016,0.8384607447985082,0.02581339069642377,0.940624774547291,0.6134185303514372,0.03264526689517882,0.7919904007880944
FITS,Daphnet,mtsbench,Daphnet/Daphnet_S05R02E1,27.79,6016,24064,66,0.28844865269668957,0.6630950961804608,0.3083734994102836,0.6838010264780736,0.03544481487980347,0.9762253108997806,0.43722943722943686,0.046771993593476995,0.7306254779995891
FITS,Daphnet,mtsbench,Daphnet/Daphnet_S06R01E0,46.6,10240,40960,65,0.2104027971083704,0.5816603655490558,0.2167386332934747,0.5921774232646602,0.00024685262898049864,0.4850864890135577,0.035087719298245404,0.028888943658727198,0.4213490168347951
FITS,Daphnet,mtsbench,Daphnet/Daphnet_S06R01E1,27.5,6144,24576,64,0.014770307860938695,0.6570670102718507,0.01713601634704383,0.6830969449256086,0.002844950213371266,0.3972602739726027,0.004618937644341793,0.010530620057246762,0.6598277024967032
FITS,Daphnet,mtsbench,Daphnet/Daphnet_S06R01E2,22.85,5120,20480,65,0.003020918408427428,0.3467998384394084,0.003677952792143011,0.4139861585926809,0.0,0.0,0.0,0.0,0.47634255416200566
FITS,Daphnet,mtsbench,Daphnet/Daphnet_S07R01E0,65.1,14223,59392,81,0.10174186239355644,0.6796130339113917,0.12299738069456928,0.7263742973094999,0.0,0.0,0.0,0.0,0.27816066276265117
FITS,Daphnet,mtsbench,Daphnet/Daphnet_S07R02E0,26.82,5760,23040,78,0.06275622817141521,0.5509038505166866,0.0750165169221274,0.5988578986999433,0.0029433406916850625,0.39787485242030696,0.10526315789473635,0.01733347796929355,0.3890827908029488
FITS,Daphnet,mtsbench,Daphnet/Daphnet_S08R01E0,13.41,2944,11776,63,0.13643261074285612,0.28015834314108623,0.1385554161836784,0.28898910586115634,0.04567699836867863,0.9591659426585578,0.373333333333333,0.14251046044068424,0.7242588590103725
FITS,Daphnet,mtsbench,Daphnet/Daphnet_S08R01E1,6.79,1340,8192,67,0.41442378999468626,0.4276907983871484,0.4304154677245756,0.44778052030667176,0.025595984943538267,0.9105510938798117,0.5368421052631573,0.15651494152476864,0.582633069070788
FITS,Daphnet,mtsbench,Daphnet/Daphnet_S08R01E2,12.58,2688,10752,65,0.1513287357428404,0.6531364641422746,0.16227176392957032,0.6795087888780142,0.061585835257890686,0.913718723037101,0.2857142857142854,0.06574325455180431,0.7646983906386324
FITS,Daphnet,mtsbench,Daphnet/Daphnet_S08R01E3,7.29,1499,8704,65,0.5405714536732225,0.550150740449761,0.5563923843071135,0.5693886577877578,0.0310391363022942,0.9962160302717579,0.8070175438596486,0.17492934491074535,0.845026335842582
FITS,Daphnet,mtsbench,Daphnet/Daphnet_S09R01E0,9.14,1920,7680,72,0.05140590851280236,0.5950647873952525,0.06367016298022565,0.6628862760878929,0.024439918533604887,0.6997319034852547,0.0681818181818181,0.020010605429019522,0.7142776342944455
FITS,Daphnet,mtsbench,Daphnet/Daphnet_S09R01E1,7.11,1363,8704,67,0.3955019621429027,0.4493643640421468,0.41386095369257925,0.4763538718304022,0.022323693556570268,0.9628841293069044,0.4612159329140457,0.0957853560244337,0.6688423740923783
FITS,Daphnet,mtsbench,Daphnet/Daphnet_S09R01E2,17.23,3592,28160,64,0.3912775684158611,0.8749433397964066,0.40456318370589567,0.8839111958884283,0.007716049382716049,0.9703575701183038,0.397350993377483,0.06814408131824289,0.7431804903963419
FITS,Daphnet,mtsbench,Daphnet/Daphnet_S09R01E3,41.26,8915,36864,70,0.3158382135453982,0.8327552924801951,0.32877101836234696,0.8441723010911016,0.05958495993425108,0.950083379655364,0.5241753276095792,0.02289673479631356,0.8057037292349525
FITS,Daphnet,mtsbench,Daphnet/Daphnet_S09R01E4,9.37,1920,7680,67,0.09587944101293662,0.805900677400907,0.10749037047818005,0.8241929757810514,0.09448818897637795,0.849445324881141,0.27480916030534325,0.0538663235161855,0.7176452818838781
FITS,Genesis,mtsbench,Genesis/Genesis,23.47,3244,9332,125,0.003014369936138224,0.48493735413339883,0.024139608726258133,0.7546051203596216,0.0,0.0,0.0,0.0,0.46494965762354856
FITS,SWaT,tsbad,SWaT/171_SWaT_id_1_Sensor_tr_3749_1st_9522.csv,70.42,3749,11247,125,0.22680823071386974,0.5778499382297396,0.2670880132278073,0.6332906493365703,0.012518054886856042,0.11075514874141876,0.15384615384615333,0.05277314037647968,0.5107005690013252
FITS,SWaT,tsbad,SWaT/172_SWaT_id_2_Sensor_tr_23700_1st_23800.csv,262.1,23700,376219,125,0.09403628246459692,0.27395030314527674,0.10116557645872634,0.29281440084009197,0.00257956980712755,0.011221969771806777,0.06394490900147541,0.011434381459703631,0.09783313062048608
FITS,CreditCard,mtsbench,CreditCard/creditcard,177.25,56804,170885,190,0.0020892186159032,0.5573841745200825,0.13521839993059728,0.9687503077383857,0.0050568900126422255,0.01509433962264151,0.005201560468140024,1.2825488946912394e-05,0.4714512710775981
FITS,GHL,mtsbench,GHL/GHL_17_Lev_fault_Temp_corr_seed_57_vars_23,110.78,120000,80001,125,0.0045246998277208034,0.29086847705179675,0.0028453561614911315,0.3982443769521333,0.007657945118059987,0.16998827667057445,0.008403361344537806,0.0036036913093171557,0.6711450169135412
FITS,GHL,mtsbench,GHL/GHL_18_Lev_fault_Temp_corr_seed_59_vars_23,109.62,120000,80001,125,0.00481298593921623,0.45491216085505637,0.0026975023192005246,0.5301083390073869,0.007599746675110829,0.16880093131548313,0.008333333333333325,0.0035994867738507307,0.6531276320728231
FITS,GHL,mtsbench,GHL/GHL_19_Lev_fault_Temp_corr_seed_62_vars_23,110.09,120000,80001,125,0.005768586785189697,0.5177718279062713,0.003025908191955463,0.5800349005557017,0.007434944237918215,0.1643835616438356,0.008130081300813,0.0035915534359372693,0.6704521867803126
FITS,GHL,mtsbench,GHL/GHL_20_Lev_fault_Temp_corr_seed_67_vars_23,110.47,120000,80001,125,0.022510462240503105,0.2963902141745036,0.00990256204217312,0.41010611831100446,0.007722007722007722,0.1702127659574468,0.008474576271186432,0.003578433547814511,0.6633719593129661
FITS,GHL,mtsbench,GHL/GHL_21_Lev_fault_Temp_corr_seed_73_vars_23,109.39,120000,80001,125,0.023220209867609767,0.6290112720137627,0.01101466984820674,0.6695489850468714,0.007657945118059987,0.16998827667057445,0.008403361344537806,0.0036046319631049257,0.6639042456068576
FITS,GHL,mtsbench,GHL/GHL_22_Lev_fault_Temp_corr_seed_777_vars_23,109.84,120000,80001,125,0.0030213001186656183,0.2890772355757605,0.002773418382197689,0.39370510453746804,0.007643312101910828,0.16968987712112346,0.008385744234800829,0.00363535889062584,0.6606962250916474
FITS,GHL,mtsbench,GHL/GHL_24_Lev_fault_Temp_corr_seed_83_vars_23,139.9,120000,80001,125,0.0059611214202349855,0.5845021761120224,0.003389664011717953,0.6312967084587447,0.007827788649706457,0.17235188509874327,0.0086021505376344,0.0035747025957376635,0.6705815747806064
FITS,GHL,mtsbench,GHL/GHL_41_Lev_corr_Temp_fault_seed_181_vars_23,114.46,85137,114001,125,0.01166100093924071,0.04753103457010857,0.013953988242533561,0.0710385396648153,0.007860262008733625,0.7239160839160839,0.01791044776119401,0.01460345205128105,0.6322918307332085
FITS,GHL,mtsbench,GHL/GHL_43_Lev_corr_Temp_fault_seed_189_vars_23,110.35,120000,80001,125,0.011082415411268783,0.04704059468855719,0.01335259814160496,0.07167205923034264,0.0077195239626889674,0.7157370930955836,0.017204301075268796,0.02067505444689933,0.6457218027998091
FITS,GHL,mtsbench,GHL/GHL_44_Lev_corr_Temp_fault_seed_190_vars_23,110.4,120000,80001,125,0.022330936775283906,0.04713972352882306,0.025207619222404512,0.07188132173222397,0.010046044370029301,0.8413356080916402,0.03555555555555552,0.020703326095560085,0.6227282868842763
FITS,GHL,mtsbench,GHL/GHL_45_Lev_corr_Temp_fault_seed_193_vars_23,110.71,120000,80001,125,0.01483983033938593,0.05487802781091447,0.017469771091361285,0.08261147899849865,0.009761388286334056,0.7684563758389261,0.025423728813559292,0.018352286884114912,0.620706800954461
FITS,GHL,mtsbench,GHL/GHL_46_Lev_corr_Temp_fault_seed_194_vars_23,109.87,120000,80001,125,0.006889336269582544,0.07739627449207767,0.009252802949851355,0.11535035282320234,0.00955033824114604,0.5882020886254586,0.01618341200269722,0.01265193701734354,0.6341849405230421
FITS,GHL,mtsbench,GHL/GHL_47_Lev_corr_Temp_fault_seed_197_vars_23,109.87,120000,80001,125,0.005519904789809778,0.04699019396955793,0.007405769650568457,0.07161562247661926,0.005323868677905945,0.5543408360128618,0.008583690987124453,0.020559482535441948,0.6563692374394218
FITS,GHL,mtsbench,GHL/GHL_48_Lev_corr_Temp_fault_seed_199_vars_23,111.28,120000,80001,125,0.017247519122621274,0.061019928593453926,0.020362523313631517,0.10000479345805731,0.010479041916167664,0.7956502038966924,0.030107526881720394,0.01588861916281219,0.6197174198632662
FITS,OPP,mtsbench,OPP/OPPORTUNITY_S1-ADL2,60.81,5684,25780,34,0.014714150351746906,0.23249799979019325,0.015133322159551571,0.24308988915772511,0.0,0.0,0.0,0.0,0.3098873940050875
FITS,OPP,mtsbench,OPP/OPPORTUNITY_S1-ADL3,63.29,6006,26619,35,0.014539205697406488,0.24651361577079509,0.015050334183100589,0.2602985324391652,0.0,0.0,0.0,0.0,0.5302761400108246
FITS,OPP,mtsbench,OPP/OPPORTUNITY_S1-ADL4,65.39,5893,26364,34,0.007119081790120745,0.2673909033019072,0.007494409974854986,0.28298446578610004,0.0,0.0,0.0,0.0,0.4687145048873228
FITS,OPP,mtsbench,OPP/OPPORTUNITY_S1-ADL5,56.57,5392,24102,36,0.01424131392042279,0.22582180048693634,0.014699491850559491,0.23799294896447226,0.0018066847335140017,0.6918982850384388,0.0038240917782026724,0.04341995481900193,0.48273627862611
FITS,OPP,mtsbench,OPP/OPPORTUNITY_S2-ADL1,81.49,7667,34238,36,0.008634062173515348,0.40756881784298193,0.009207334149802434,0.42992650258874887,0.0,0.0,0.0,0.0,0.4777335549072027
FITS,OPP,mtsbench,OPP/OPPORTUNITY_S2-ADL2,59.91,5567,24146,35,0.014253557663297455,0.38693623913239417,0.01182478927078669,0.4111690244627173,0.008174386920980926,0.6512915129151291,0.015624999999999983,0.02736330954923118,0.3772721646206628
FITS,OPP,mtsbench,OPP/OPPORTUNITY_S3-ADL3,45.32,4201,21374,34,0.013871056669570832,0.4296778443015668,0.01452354231711366,0.4444763242528556,0.0,0.0,0.0,0.0,0.3808996745653261
FITS,OPP,mtsbench,OPP/OPPORTUNITY_S3-ADL4,42.16,3825,22145,35,0.014790032541466842,0.3754745673768651,0.015332776954719173,0.39074155740123256,0.0023121387283236996,0.683929931454684,0.004796163069544359,0.03708418133046477,0.34872172200543844
FITS,OPP,mtsbench,OPP/OPPORTUNITY_S3-ADL5,45.66,4238,21196,34,0.01505350940276278,0.3737321277025395,0.015764545684781136,0.38975043997089137,0.004694835680751174,0.6801242236024845,0.009615384615384604,0.037624474051269965,0.3485405823952975
FITS,OPP,mtsbench,OPP/OPPORTUNITY_S4-ADL2,56.59,5330,22190,32,0.018166224074174564,0.25303966276794887,0.01868391658218564,0.2645964170985144,0.0034100596760443308,0.7209175314036046,0.007766990291262126,0.05329139130323367,0.41389265354179183
FITS,OPP,mtsbench,OPP/OPPORTUNITY_S4-ADL3,45.28,4259,20106,28,0.013492889426854842,0.3874290525401739,0.013867517242687564,0.40274760074978755,0.021844660194174758,0.5948275862068966,0.0368852459016393,0.03196218956499981,0.41463095190344124
FITS,OPP,mtsbench,OPP/OPPORTUNITY_S4-ADL4,43.53,4090,17784,138,0.016216350877266507,0.3214709746341547,0.01963190009970212,0.3904912080339207,0.009378663540445486,0.6744730679156908,0.018823529411764687,0.043616852490228036,0.4026065435386051
FITS,OPP,mtsbench,OPP/OPPORTUNITY_S4-ADL5,59.69,5625,24422,34,0.011525282045833243,0.27106108720986866,0.012015398150782204,0.28633080580518183,0.008146639511201629,0.6312106368089573,0.014953271028037365,0.03398164574541299,0.5505085091978036
FITS,SMAP,mtsbench,SMAP/SMAP_A-1,25.93,2880,8640,125,0.03338742500944778,0.6431704885343968,0.04179290425427336,0.7761257231803488,0.06896551724137931,0.7555555555555555,0.1538461538461537,0.019274272355726405,0.7309309022345264
FITS,SMAP,mtsbench,SMAP/SMAP_A-2,23.3,2648,7914,90,0.009679211788962201,0.3088902050839767,0.011562177524822297,0.36387776180580805,0.0,0.0,0.0,0.0,0.6504342935216997
FITS,SMAP,mtsbench,SMAP/SMAP_A-3,24.29,2736,8205,93,0.01648136078866638,0.3435657517696546,0.019363705114988323,0.3930257172413202,0.0,0.0,0.0,0.0,0.6690536405857852
FITS,SMAP,mtsbench,SMAP/SMAP_A-4,24.36,2690,8080,92,0.009063452233007899,0.2871679560097178,0.01156356279345653,0.3678427761523531,0.0,0.0,0.0,0.0,0.6407223304361909
FITS,SMAP,mtsbench,SMAP/SMAP_A-5,4.61,705,4693,125,0.34116722777454955,0.9905466710596346,0.688821413161578,0.9965138506745752,0.0,0.0,0.0,0.0,0.980601856219128
FITS,SMAP,mtsbench,SMAP/SMAP_A-6,5.28,682,4453,6,0.3288987703719929,0.9910167392698406,0.33422527440351946,0.9911506764111702,0.2702702702702703,0.780952380952381,0.4651162790697671,0.03027209334123331,0.9923643988891392
FITS,SMAP,mtsbench,SMAP/SMAP_A-7,25.58,2879,8631,14,0.1606496268830473,0.07856170148473449,0.16210234467615156,0.0797027402440207,0.0,0.0,0.0,0.0,0.004097069063169818
FITS,SMAP,mtsbench,SMAP/SMAP_A-8,7.12,762,8375,125,0.3300912510003631,0.2855151068908143,0.3324111795875843,0.28811577984219117,0.0,0.0,0.0,0.0,0.09984569723240276
FITS,SMAP,mtsbench,SMAP/SMAP_A-9,7.11,762,8434,125,0.32371151312644386,0.2575159895544443,0.3272619125901721,0.26235869227489644,0.0,0.0,0.0,0.0,0.10220576965814154
FITS,SMAP,mtsbench,SMAP/SMAP_B-1,2.87,2435,8044,125,0.05469695198054719,0.9023226276005462,0.061454952659020914,0.8292102037460891,0.0,0.0,0.0,0.0,0.02303093312022133
FITS,SMAP,mtsbench,SMAP/SMAP_D-11,14.09,2611,7431,125,0.06218820792294337,0.9363736459283315,0.1026534092474438,0.9427916252152907,0.0,0.0,0.0,0.0,0.0302628839095913
FITS,SMAP,mtsbench,SMAP/SMAP_D-1,26.17,2849,8509,125,0.24477749986970296,0.08753263490115284,0.24757638394446654,0.09166378604135665,0.012742718446601941,0.997551270278543,0.7241379310344822,0.2706298885040342,0.7113245289424768
FITS,SMAP,mtsbench,SMAP/SMAP_D-2,26.15,2880,8595,125,0.4730194690495313,0.48256517402652105,0.47942593316171384,0.4901631558395279,0.005643075476134493,0.9972810024825629,0.5106382978723399,0.28956156882998463,0.6560351307202897
FITS,SMAP,mtsbench,SMAP/SMAP_D-3,26.29,2880,8640,125,0.3619798766829123,0.4712846758428414,0.3657150587262018,0.4777919955691835,0.006640507093268941,0.9960474308300395,0.4583333333333329,0.267560542524786,0.6685251361956124
FITS,SMAP,mtsbench,SMAP/SMAP_D-4,25.08,2833,8473,125,0.36825703084710076,0.48372622386687725,0.3695742915909151,0.48577158152860356,0.006697108066971081,0.9960134927936216,0.4583333333333329,0.2686080049808618,0.6609035674840181
FITS,SMAP,mtsbench,SMAP/SMAP_D-5,22.61,2561,7628,6,0.024038776150151438,0.8531417318148059,0.026468227942168843,0.859711455873093,0.0,0.0,0.0,0.0,0.7517799750751791
FITS,SMAP,mtsbench,SMAP/SMAP_D-6,22.9,2594,7884,5,0.06186142476537612,0.816692851593958,0.046340256610745,0.8216704955328908,0.07575757575757576,0.7788461538461539,0.17857142857142838,0.02045763998204549,0.7545722896213737
FITS,SMAP,mtsbench,SMAP/SMAP_D-7,23.5,2583,7642,125,0.3568005008954087,0.5199428673317411,0.3619656071127206,0.5262209470215619,0.003669724770642202,0.9966801918111398,0.35714285714285676,0.25997349097828665,0.5602678727481176
FITS,SMAP,mtsbench,SMAP/SMAP_D-8,2.87,2602,7874,125,0.01646078977980935,0.6012311610058826,0.02921842592531519,0.6314699888123819,0.08080808080808081,0.6986301369863014,0.1538461538461537,0.01272756055089441,0.23012553760915808
FITS,SMAP,mtsbench,SMAP/SMAP_D-9,2.89,2583,7406,125,0.5722412028214252,0.866566089965398,0.5786802409993421,0.8667959952051701,0.08045052292839903,0.9842486164325245,0.7299270072992695,0.18831206587106894,0.6974450204507224
FITS,SMAP,mtsbench,SMAP/SMAP_E-10,25.97,2880,8505,98,0.046132312882062335,0.3449425145146391,0.06616993407814555,0.4545806262156777,0.04519774011299435,0.8784440842787682,0.33333333333333287,0.033433818235525326,0.7695665058872027
FITS,SMAP,mtsbench,SMAP/SMAP_E-11,26.07,2880,8514,98,0.04202345743896384,0.3756558284751537,0.0674105174701517,0.5006572998322134,0.03067484662576687,0.863716814159292,0.24390243902438988,0.030847229373786984,0.7645686952628286
FITS,SMAP,mtsbench,SMAP/SMAP_E-12,26.08,2880,8512,98,0.05915332463887353,0.2754960566623985,0.07579888148151273,0.35082676541747443,0.019448946515397084,0.9308836395450568,0.2608695652173909,0.05306187660299748,0.7287676288029938
FITS,SMAP,mtsbench,SMAP/SMAP_E-13,25.95,2880,8640,98,0.032354107097293236,0.5303952852305287,0.04587918460632475,0.6382187410015115,0.0,0.0,0.0,0.0,0.6685822291203178
FITS,SMAP,mtsbench,SMAP/SMAP_E-1,27.81,2880,8516,98,0.05044347313285349,0.2597951998788613,0.06404242252547243,0.33834431109735563,0.029684601113172542,0.9464285714285714,0.34042553191489316,0.048004622012706825,0.7431003191285422
FITS,SMAP,mtsbench,SMAP/SMAP_E-2,27.66,2880,8532,98,0.10399444061782444,0.20566787508928813,0.11037719750771004,0.22114144058194676,0.01813110181311018,0.9918410783965945,0.5306122448979588,0.18693183180469308,0.7110093078930255
FITS,SMAP,mtsbench,SMAP/SMAP_E-3,28.37,2880,8307,125,0.25832638720992557,0.11389512398773582,0.26191763987086664,0.12004840966722317,0.009247842170160296,0.997516299285936,0.6521739130434778,0.27041471685272583,0.681326362776585
FITS,SMAP,mtsbench,SMAP/SMAP_E-4,25.8,2880,8354,98,0.22445267873223324,0.14348120366753198,0.22894958276052893,0.15183972953073369,0.014044943820224719,0.9971631205673759,0.7142857142857137,0.2590384211096317,0.7132673696507799
FITS,SMAP,mtsbench,SMAP/SMAP_E-5,29.01,2880,8294,98,0.1078679838755075,0.41076112408975307,0.1634114863735065,0.46996909165027545,0.07756232686980609,0.9610778443113772,0.518518518518518,0.06868814146634257,0.7909937302829584
FITS,SMAP,mtsbench,SMAP/SMAP_E-6,34.79,2880,8300,97,0.2033558011843875,0.9557102479740321,0.3866794924036133,0.9810847592629419,0.13592233009708737,0.8148148148148148,0.3181818181818179,0.016062884483937116,0.793101007588569
FITS,SMAP,mtsbench,SMAP/SMAP_E-7,30.57,2769,8310,102,0.12852973197324608,0.7152617136545503,0.15184283292129702,0.751066689349998,0.07051282051282051,0.9656357388316151,0.5238095238095234,0.06094265084682425,0.7347984798939289
FITS,SMAP,mtsbench,SMAP/SMAP_E-8,34.89,2880,8532,98,0.10204394197171987,0.412881722206471,0.1044346231028274,0.4332846493138209,0.0547112462006079,0.9865399841646872,0.6792452830188673,0.11316681379297729,0.7663636289465005
FITS,SMAP,mtsbench,SMAP/SMAP_E-9,30.69,2880,8302,98,0.18985114348440948,0.4409769811606059,0.1972863508209202,0.47512926416882706,0.06315789473684211,0.9763560500695411,0.5853658536585361,0.07364765144876036,0.7194254677634316
FITS,SMAP,mtsbench,SMAP/SMAP_F-1,31.7,2869,8584,10,0.008740069344517723,0.3861094349444375,0.008987803521799113,0.39505337648220584,0.0,0.0,0.0,0.0,0.10051137520335061
FITS,SMAP,mtsbench,SMAP/SMAP_F-2,34.26,2861,8626,97,0.25846878752057906,0.31791585191233696,0.261368888841613,0.32222329457065835,0.0,0.0,0.0,0.0,0.02267593577091729
FITS,SMAP,mtsbench,SMAP/SMAP_F-3,26.7,2880,8376,125,0.13275252530359835,0.9348705868582381,0.4434150743159805,0.9868803527019615,0.24096385542168675,0.7192982456140351,0.38461538461538425,0.010041924505652174,0.8185471274095211
FITS,SMAP,mtsbench,SMAP/SMAP_G-1,24.85,2820,8469,95,0.01022670375847665,0.35559266929872846,0.013140381314077978,0.42944742781534667,0.0,0.0,0.0,0.0,0.6381391072625743
FITS,SMAP,mtsbench,SMAP/SMAP_G-2,22.59,2478,7361,125,0.017354067107075894,0.6972477675596429,0.04647168540258053,0.8614345182669623,0.05063291139240506,0.6949152542372882,0.0999999999999999,0.011295496138784483,0.5701148740162777
FITS,SMAP,mtsbench,SMAP/SMAP_G-3,25.95,2624,7907,125,0.013309172126592059,0.6785446867137894,0.04383375801155451,0.8238861247313976,0.0,0.0,0.0,0.0,0.7101571042303634
FITS,SMAP,mtsbench,SMAP/SMAP_G-4,25.75,2551,7632,87,0.04615165987967373,0.5897971828834068,0.17721556192656512,0.8878122498976642,0.0,0.0,0.0,0.0,0.9882729522225205
FITS,SMAP,mtsbench,SMAP/SMAP_G-6,8.18,2881,8640,125,0.07300330111739466,0.9155192425203406,0.09351829089823094,0.9297885584424823,0.0,0.0,0.0,0.0,0.27137697718354337
FITS,SMAP,mtsbench,SMAP/SMAP_G-7,22.02,2446,4015,16,0.5003444673753276,0.9767730650964184,0.5701924686367812,0.9797632664644693,0.13157894736842105,0.7051671732522796,0.3296703296703292,0.039346509523376046,0.8658518749084589
FITS,SMAP,mtsbench,SMAP/SMAP_P-1,27.86,2872,8505,98,0.09900460935435798,0.5054485000997724,0.10859833317438311,0.5446447390230974,0.027261462205700124,0.5592760180995475,0.24719101123595455,0.043623651123345666,0.5633669423491731
FITS,SMAP,mtsbench,SMAP/SMAP_P-2,25.81,2821,8209,37,0.23923427970759925,0.6651700622742858,0.24334681166359826,0.6696109220503835,0.022275258552108195,0.9931146213041717,0.6222222222222217,0.1780782107384742,0.7025302765486845
FITS,SMAP,mtsbench,SMAP/SMAP_P-3,27.14,2855,8493,7,0.26867833180264866,0.665074245807672,0.26884636537115625,0.6657544173477798,0.027676620538965767,0.9933085501858736,0.678571428571428,0.18423198616955344,0.7337112749132204
FITS,SMAP,mtsbench,SMAP/SMAP_P-4,25.37,2609,7783,49,0.15146419399125577,0.7397532614512151,0.16601934546543867,0.7453783608719371,0.03873239436619718,0.7469066366704162,0.15547703180211994,0.03393723811487755,0.8233801496423093
FITS,SMAP,mtsbench,SMAP/SMAP_R-1,3.73,2874,7244,125,0.0754258356559274,0.6024063991396115,0.07717674720947934,0.6245348511492045,0.15748031496062992,0.8181818181818182,0.35714285714285676,0.021706751772075785,0.3950803406711248
FITS,SMAP,mtsbench,SMAP/SMAP_S-1,24.66,2818,7331,5,0.03925737080447868,0.2755812716631037,0.039585056942205946,0.2772240329545734,0.0,0.0,0.0,0.0,0.3506188937258531
FITS,SMAP,mtsbench,SMAP/SMAP_T-1,25.41,2875,8612,98,0.17304656474658298,0.5121887678567223,0.18144482599106404,0.5296767308354053,0.0,0.0,0.0,0.0,0.04093772687094948
FITS,SMAP,mtsbench,SMAP/SMAP_T-2,26.11,2855,8625,98,0.1913816415003766,0.48883122839779186,0.19386305191874417,0.49376265787358015,0.0,0.0,0.0,0.0,0.022122016955149173
FITS,SMAP,mtsbench,SMAP/SMAP_T-3,26.64,2876,8579,99,0.04240252326526345,0.5691644871429682,0.05512307698862682,0.6630297685760373,0.01932367149758454,0.9460154241645244,0.15999999999999984,0.020686578722181628,0.7097221063442355
FITS,MSL,mtsbench,MSL/MSL_C-1,33.65,2158,2264,264,0.18233126897316956,0.5782645675704077,0.3053718546983944,0.7269527910897716,0.05649717514124294,0.9512195121951219,0.38461538461538425,0.10791201695355723,0.7504286223654765
FITS,MSL,mtsbench,MSL/MSL_C-2,10.94,764,2051,125,0.1038437101218854,0.6259791471218604,0.20720830069030152,0.7758156448895908,0.06329113924050633,0.9448275862068966,0.38461538461538425,0.0643245333398273,0.7786032210534941
FITS,MSL,mtsbench,MSL/MSL_D-14,56.74,3675,2625,181,0.09158159526700045,0.49517495023113,0.19634053576811758,0.7416083552206122,0.03745318352059925,0.9173553719008265,0.1999999999999998,0.0793716073011294,0.7862082158265616
FITS,MSL,mtsbench,MSL/MSL_D-15,31.91,2074,2158,7,0.3876503818466571,0.597178415811649,0.39175050019274466,0.5998586503343037,0.09812409812409813,0.9861538461538462,0.7906976744186042,0.31874515817198174,0.8471714790102879
FITS,MSL,mtsbench,MSL/MSL_D-16,22.4,1451,2191,17,0.2778657890605295,0.47789813872763176,0.2818315952732322,0.48379598810254826,0.0,0.0,0.0,0.0,0.024156091893554717
FITS,MSL,mtsbench,MSL/MSL_F-4,37.24,2244,3422,228,0.032962666496227574,0.6426629007107402,0.06266169026053843,0.7928433300606769,0.0,0.0,0.0,0.0,0.7305772346981719
FITS,MSL,mtsbench,MSL/MSL_F-5,41.81,2598,3922,260,0.06470389475081162,0.7082334511723313,0.0928697788230811,0.7970113674825422,0.0091324200913242,0.8184281842818428,0.02898550724637678,0.06585954372463085,0.8368592554262234
FITS,MSL,mtsbench,MSL/MSL_F-7,38.1,2511,5054,9,0.08556650205973668,0.5393322725409448,0.08757404205552602,0.5506814405459461,0.008492569002123142,0.4101694915254237,0.07407407407407388,0.04133177904574923,0.6138128880636915
FITS,MSL,mtsbench,MSL/MSL_F-8,52.48,3342,2487,72,0.24573465167027303,0.5828181253879579,0.25519034263510376,0.5992177803077322,0.010771992818671455,0.9844179651695693,0.2608695652173911,0.21215604871745883,0.5217188834196026
FITS,MSL,mtsbench,MSL/MSL_M-1,34.77,2209,2277,45,0.49421091225227387,0.45206900914690595,0.5096599172150148,0.46975264893377044,0.01559792027729636,0.9982502187226596,0.8181818181818177,0.304571013413687,0.8501897767445312
FITS,MSL,mtsbench,MSL/MSL_M-2,34.5,2208,2277,43,0.5518107830222052,0.589477046327042,0.5674630174934238,0.6055519706975233,0.013876843018213356,0.9982502187226596,0.7999999999999995,0.30380630385488044,0.8387540055562168
FITS,MSL,mtsbench,MSL/MSL_M-3,32.03,2037,2127,276,0.10409975040484895,0.42476787944172134,0.15863414207775653,0.5680452653855461,0.022388059701492536,0.9728682170542635,0.2999999999999997,0.15713340379140606,0.7357587596913071
FITS,MSL,mtsbench,MSL/MSL_M-4,32.86,2076,2038,44,0.09218590536376556,0.3613414277974838,0.10173277173544973,0.39504055732258886,0.007462686567164179,0.9691119691119691,0.111111111111111,0.15909669962279627,0.7056850238050214
FITS,MSL,mtsbench,MSL/MSL_M-5,32.75,2032,2303,15,0.14364800878694342,0.5209524694574529,0.14676665575852496,0.5278259085204774,0.018633540372670808,0.9709677419354839,0.24999999999999975,0.16758064372682077,0.7193524625915055
FITS,MSL,mtsbench,MSL/MSL_M-6,25.82,1565,2049,125,0.12742169103923454,0.5982762904160801,0.16235194844211412,0.6866043903934061,0.04830917874396135,0.9451697127937336,0.32258064516129004,0.13078269747177176,0.678051955486191
FITS,MSL,mtsbench,MSL/MSL_M-7,25.55,1587,2156,244,0.07662392683310705,0.6990050829900508,0.14213662457711224,0.8215797974514291,0.01652892561983471,0.9140271493212669,0.09523809523809514,0.07857592709220909,0.6198020473727723
FITS,MSL,mtsbench,MSL/MSL_P-10,66.2,4308,6100,125,0.12031200152139322,0.8822810986534756,0.17460114236487714,0.9219521133688319,0.1005586592178771,0.8704318936877077,0.31578947368421023,0.045934270131806176,0.8534329894314476
FITS,MSL,mtsbench,MSL/MSL_P-11,61.54,3969,3535,40,0.07165394368778376,0.553099751192314,0.07976981143820869,0.5983982936346102,0.008032128514056224,0.6028169014084507,0.08695652173913027,0.049924249597575986,0.6282879308644056
FITS,MSL,mtsbench,MSL/MSL_P-14,45.71,2880,6100,125,0.168271847997418,0.8922619264303829,0.20740273163699782,0.9213540496428456,0.10833333333333334,0.8872549019607843,0.36111111111111077,0.061428545418130844,0.8418323735271642
FITS,MSL,mtsbench,MSL/MSL_P-15,57.36,3682,2856,125,0.0063738293797084246,0.41689762324682955,0.01095333266580304,0.5203059417723663,0.0,0.0,0.0,0.0,0.05125732316747208
FITS,MSL,mtsbench,MSL/MSL_S-2,15.08,926,1827,125,0.029461291764622415,0.8418602322787345,0.13390833564889532,0.9407502047572893,0.0,0.0,0.0,0.0,0.6831741153028467
FITS,MSL,mtsbench,MSL/MSL_T-12,18.47,1145,2430,125,0.14058754005701737,0.7516867163703653,0.17427766703742026,0.8254571182037181,0.08391608391608392,0.937984496124031,0.42857142857142816,0.08530552212862683,0.8394832366675024
FITS,MSL,mtsbench,MSL/MSL_T-13,17.83,1145,1215,125,0.17968200642987517,0.6966152965194442,0.21225779527612343,0.7394299964846827,0.011834319526627219,0.9467084639498433,0.10526315789473673,0.1623205492752618,0.5496437105383477
FITS,MSL,mtsbench,MSL/MSL_T-4,35.09,2272,2217,70,0.03164437786365061,0.48251153752732573,0.04313758907961124,0.5949506506832739,0.0,0.0,0.0,0.0,0.5879790404390897
FITS,MSL,mtsbench,MSL/MSL_T-5,35.02,2272,2218,125,0.018525536487762853,0.6627245929253229,0.11942789264157087,0.9034294402685763,0.0,0.0,0.0,0.0,0.7105544326788286
FITS,MSL,mtsbench,MSL/MSL_T-8,10.98,748,1519,125,0.08294545294147063,0.5753109994880097,0.14897466594845352,0.737541982756686,0.018518518518518517,0.7261904761904762,0.24999999999999964,0.07230886683389684,0.5727454204287585
FITS,MITDB,mtsbench,MITDB/MITDB_100,123.02,128264,520000,275,0.020516006726394895,0.4674868887694968,0.02508757743996418,0.5589862455926273,0.02299412915851272,0.5907175448283879,0.03850617873967361,0.0013444843191338788,0.6681872897562396
FITS,MITDB,mtsbench,MITDB/MITDB_101,61.79,128599,520000,125,0.01761172319707424,0.5182384954625079,0.004916704076338803,0.5511783857636685,0.019783501306457632,0.2698736241337138,0.02312643176611757,0.0015872972977313026,0.6701488199026799
FITS,MITDB,mtsbench,MITDB/MITDB_102,119.38,120701,520000,299,0.018876768777981622,0.515678164117249,0.02275225870093904,0.5779890872382325,0.01579871269748391,0.6838734717640209,0.03208556149732617,0.0018743576515236535,0.661707372696875
FITS,MITDB,mtsbench,MITDB/MITDB_103,64.86,130000,520000,125,0.0038892642732470586,0.7531426311938683,0.004398775159307558,0.7891722760846552,0.006888001102080176,0.10068920249425664,0.00724585174987319,0.0014711371890927527,0.7291294865660659
FITS,MITDB,mtsbench,MITDB/MITDB_104,261.51,88537,520000,290,0.30291280148249683,0.4436963210479032,0.3348684872298987,0.49558495881782777,0.0397376253359147,0.9776107256319213,0.49012409919381816,0.00342607614342586,0.693644597478467
FITS,MITDB,mtsbench,MITDB/MITDB_105,101.39,123830,520000,260,0.04649306840826669,0.6027581515838542,0.06297979340467626,0.6937058828147561,0.032018641581082245,0.8200564021629453,0.11051372733405554,0.0011769442661765564,0.7094674658466329
FITS,MITDB,mtsbench,MITDB/MITDB_106,165.25,108777,520000,125,0.46841192981304586,0.6295690640944291,0.4962703092160271,0.6694012193718207,0.05871989981640082,0.9737059884590245,0.7092972506355849,0.0017771593148181617,0.7824477488706157
FITS,MITDB,mtsbench,MITDB/MITDB_107,64.89,129352,520000,125,0.03219488534635256,0.4900493022172559,0.03589688923230457,0.528083382245317,0.003922308127475014,0.4634634925243141,0.011582581579240425,0.0011841424500131537,0.6328344895715338
FITS,MITDB,mtsbench,MITDB/MITDB_108,56.77,126903,520000,125,0.022642482690377923,0.5020081410008083,0.024651654645908842,0.5318723493984545,0.02018809394849574,0.7163426236311975,0.04608648112855671,0.0019365333227991765,0.6717761620379183
FITS,MITDB,mtsbench,MITDB/MITDB_109,91.74,127726,520000,254,0.027699783970667077,0.5914821509116819,0.03471676726359332,0.6683992571339646,0.03149709207344965,0.7109970047068892,0.08345410473124613,0.0011761845421641931,0.6925793957569677
FITS,MITDB,mtsbench,MITDB/MITDB_111,51.57,130000,520000,125,0.003925380104603859,0.659922067729065,0.0014176306419643155,0.6841457532786309,0.0038026099732088843,0.06208574544844366,0.0039205203599750466,0.0014199297539484455,0.6695579434634564
FITS,MITDB,mtsbench,MITDB/MITDB_112,71.88,130000,520000,251,0.001968864029042983,0.6173825497765293,0.002634139470058558,0.7060366541042,0.003903441191576785,0.12432432432432433,0.0041712403951701385,0.0012357492763355443,0.6626517317258755
FITS,MITDB,mtsbench,MITDB/MITDB_113,50.39,129596,520000,125,0.005850898587483134,0.6320813036756716,0.0064549443538077,0.6633319839725239,0.010276905509563231,0.2413423326815114,0.011831402514173021,0.0014676205797905498,0.6735859663328236
FITS,MITDB,mtsbench,MITDB/MITDB_114,62.6,121365,520000,125,0.050583279783766706,0.5423913455157297,0.050199546038215866,0.5667143053136589,0.053987818502901214,0.8271173186784543,0.15840118430791988,0.0019715757935048297,0.7647116845448689
FITS,MITDB,mtsbench,MITDB/MITDB_115,50.54,130000,520000,125,0.06485488060960914,0.823752422300324,0.04922424944616192,0.8698334763956742,0.0793058709049627,0.2574854704627382,0.08833890344142345,0.001344229836225155,0.7699373807399814
FITS,MITDB,mtsbench,MITDB/MITDB_116,131.4,125696,520000,270,0.08372948722224281,0.582093024136279,0.109370275468778,0.6664930782467053,0.03455994973098221,0.8149463664132983,0.10315766093705644,0.0013882896937231902,0.6547416129801052
FITS,MITDB,mtsbench,MITDB/MITDB_117,30.22,130000,520000,18,0.0014028140041270833,0.6467259655091406,0.0013814656449621086,0.6515287371804115,0.002317813075192583,0.05637726338130928,0.0023841245354463197,0.001629151784271488,0.680102619271129
FITS,MITDB,mtsbench,MITDB/MITDB_118,126.47,122261,520000,266,0.060011843385932906,0.48651819438084537,0.08130238018879606,0.5829984554783738,0.03485867510659809,0.7965542768692375,0.1100783493114019,0.0012968594562960112,0.6588663738768211
FITS,MITDB,mtsbench,MITDB/MITDB_119,158.22,84828,520000,125,0.4354684255046845,0.6174883789230096,0.45365202793486037,0.6507386417242336,0.10710156802442392,0.9811815452277245,0.7538911274393612,0.001788048491333466,0.8218857369806924
FITS,MITDB,mtsbench,MITDB/MITDB_121,33.68,130000,520000,47,0.0021969608183117686,0.57216114331915,0.0022468422798007435,0.5813747420359702,0.0021737161488995563,0.16366966366966368,0.002383316782522341,0.001882485468298416,0.645579807896947
FITS,MITDB,mtsbench,MITDB/MITDB_122,68.26,130000,520000,235,0.001420932681104942,0.618535383843555,0.0015948874618646003,0.664455750306364,0.002995030971342999,0.061451037399233514,0.0030881527231892162,0.0017822817572353427,0.6487234633138117
FITS,MITDB,mtsbench,MITDB/MITDB_123,56.15,130000,520000,117,0.005032411803430123,0.7372324135605414,0.006005555869492696,0.7759993699972053,0.003539358982762011,0.15717829269768285,0.0038612799427958488,0.0016598216063456763,0.6642287194485031
FITS,MITDB,mtsbench,MITDB/MITDB_124,39.31,111390,520000,47,0.038562235978355314,0.5404061557425448,0.03874099586515505,0.5464731461853659,0.028584282105408865,0.7201078409346214,0.0648517756345093,0.0031690836115437757,0.6733174867392862
FITS,MITDB,mtsbench,MITDB/MITDB_200,295.46,84232,520000,252,0.5704433394313093,0.6689232616816349,0.6768970387135647,0.7818187000601653,0.05108913567454328,0.9578555322142348,0.8344303989287485,0.0012588838017161031,0.8344452125183269
FITS,MITDB,mtsbench,MITDB/MITDB_201,126.64,129199,520000,90,0.34065241794202145,0.4811107658377363,0.35440116525633814,0.5089865835136802,0.052646646990541925,0.8729412260908075,0.5190797925585026,0.0021021990502459167,0.6590822948525219
FITS,MITDB,mtsbench,MITDB/MITDB_202,56.28,127192,520000,97,0.05559758735444567,0.5223898726741796,0.05823416038140697,0.545725583858244,0.03731996885947839,0.8009571653636931,0.10277368350529267,0.0019123263692019752,0.6880464319225326
FITS,MITDB,mtsbench,MITDB/MITDB_203,116.03,107060,520000,120,0.23017128213648919,0.6398118585315766,0.25950905300242216,0.6871703235196999,0.020576546319619367,0.433115035934883,0.23464566175215026,0.0012067780076830943,0.44771103994103256
FITS,MITDB,mtsbench,MITDB/MITDB_205,86.42,126615,520000,234,0.09520406800593763,0.7457913913697232,0.10606031355004532,0.7961077447608564,0.0949808533916849,0.7374408012508215,0.19338670379394343,0.0016868765310796322,0.7356407136374823
FITS,MITDB,mtsbench,MITDB/MITDB_207,108.08,68518,520000,285,0.20618268057654426,0.5433392870495818,0.20701711362515532,0.5470267857496077,0.023840881343549024,0.9676275612695862,0.27784001792516216,0.041835130572013324,0.7511199427961024
FITS,MITDB,mtsbench,MITDB/MITDB_208,338.51,67863,520000,178,0.6278391611845382,0.6708381084098897,0.6997275406072275,0.7483630951636758,0.03976617347592669,0.8552771090348896,0.5339962974590385,0.0014248073476043012,0.6264316817737757
FITS,MITDB,mtsbench,MITDB/MITDB_209,115.48,125025,520000,201,0.14929120100146157,0.5504062594353445,0.17117781059486523,0.6019184531471694,0.0453577245959153,0.9069762010416423,0.3568884365856757,0.0020989886908525223,0.6902559027020246
FITS,MITDB,mtsbench,MITDB/MITDB_210,150.92,119587,520000,252,0.17009039788237612,0.6511915350410259,0.21029820928744936,0.729481322381717,0.004600710678885356,0.5979947701081457,0.2150653758629996,0.0012706147805379652,0.546580036895623
FITS,MITDB,mtsbench,MITDB/MITDB_212,70.72,130000,520000,231,0.0042647843419945045,0.7435528653107079,0.001495051193391694,0.8149617201226389,0.002218886640997194,0.030496043234896738,0.0022512083691981705,0.0009100389915544264,0.6654682741413028
FITS,MITDB,mtsbench,MITDB/MITDB_213,207.9,102288,520000,196,0.279355404842879,0.6342924224305168,0.3648554475573609,0.7444428600042864,0.07108631042639656,0.9453971803228985,0.41994191238150175,0.0008438190471393093,0.7312882982565235
FITS,MITDB,mtsbench,MITDB/MITDB_214,207.39,107172,520000,293,0.18015322713286414,0.5432315024722089,0.2317676966607964,0.6295831248016803,0.020449477459332257,0.8404921269321519,0.13002761137550173,0.0016254583173832297,0.619103236862481
FITS,MITDB,mtsbench,MITDB/MITDB_215,106.52,121803,520000,195,0.14301922730138267,0.6460748328528919,0.15646944287991604,0.7168676603421654,0.12350642603844329,0.8399195687993968,0.32293881407984854,0.001021927767177272,0.7414868650627279
FITS,MITDB,mtsbench,MITDB/MITDB_217,113.06,111255,520000,125,0.19941182702479204,0.4816820723180021,0.21073947878699845,0.5081958154164575,0.031977789485127486,0.9304726803397517,0.2689531829908657,0.002077576227363544,0.7091073762504349
FITS,MITDB,mtsbench,MITDB/MITDB_219,159.55,123467,520000,271,0.09275231441777368,0.4147650755325254,0.1276628671859461,0.5221764535940875,0.0071800446249785455,0.34854447183766357,0.04663077672548307,0.0012777553873687716,0.43893491178883354
FITS,MITDB,mtsbench,MITDB/MITDB_220,71.25,128601,520000,125,0.05791226098318066,0.5543283734228245,0.06214754858118971,0.5839914707698477,0.04145151357240987,0.7671318661656826,0.10076001842468897,0.001760635276750683,0.6872047424454212
FITS,MITDB,mtsbench,MITDB/MITDB_221,166.32,99518,520000,173,0.3569466582219588,0.7147286426638382,0.38985777302893554,0.7666997385360762,0.08542435104853932,0.9483201430636938,0.4986312128025072,0.0012966603947285194,0.7527835438906693
FITS,MITDB,mtsbench,MITDB/MITDB_222,69.01,130000,520000,42,0.2603386845592102,0.47001557090146356,0.2637867135153461,0.4777825147831949,0.0464080807052807,0.9564124170925302,0.3972557987585753,0.003299306337249832,0.6923760254620118
FITS,MITDB,mtsbench,MITDB/MITDB_223,197.24,119496,520000,256,0.2644262558835109,0.5018612928503177,0.3219020176523987,0.5850169447745988,0.011979767503771409,0.7010871140745035,0.13815574246878015,0.0017760369545040309,0.31156844217112867
FITS,MITDB,mtsbench,MITDB/MITDB_228,140.34,95543,520000,133,0.30432205168232257,0.580502202362912,0.33254012611305517,0.6270713222399211,0.07506834256620912,0.9566458127538141,0.523519689584909,0.001627542885285817,0.7311249932482317
FITS,MITDB,mtsbench,MITDB/MITDB_230,52.34,130000,520000,125,0.008868696580258125,0.7403338539830975,0.004080246592121997,0.782643486372574,0.004344677769732078,0.06209433145824318,0.004478126076472609,0.0011018980352754636,0.6974370511576881
FITS,MITDB,mtsbench,MITDB/MITDB_232,270.79,29153,520000,264,0.8390051848456469,0.6347215591428566,0.880482569588796,0.7134434176364235,0.04730844869009493,0.9967300031136967,0.881460323127733,0.00772664075749755,0.8360105842446353
FITS,MITDB,mtsbench,MITDB/MITDB_233,309.78,84478,520000,215,0.3809320146242503,0.5610887710433825,0.4816953464599979,0.6761128900070367,0.03498230648692963,0.9524826363437714,0.3634662650769709,0.0011096011144504777,0.6113638470582612
FITS,MITDB,mtsbench,MITDB/MITDB_234,75.93,130000,520000,237,0.03160583925511285,0.568659869417515,0.028944063371277994,0.5791929198241622,0.04330883004162608,0.6357714038716848,0.07655577299412908,0.009745490196094863,0.6688005865402913
FITS,SVDB,mtsbench,SVDB/SVDB_800,30.48,45213,184320,92,0.03745630482252341,0.5469173874235767,0.04703741228225441,0.6145900552578537,0.02707765667574932,0.6888863739248529,0.054676753782668445,0.0016455834691597264,0.6668882639460948
FITS,SVDB,mtsbench,SVDB/SVDB_801,32.14,21971,184320,97,0.068269486147275,0.6486052895431967,0.09236816362069941,0.7312844446057232,0.041027887282815007,0.728366979433229,0.09364837596823526,0.0013084332552052884,0.7351680588097025
FITS,SVDB,mtsbench,SVDB/SVDB_802,30.89,44573,184320,109,0.11924934285917876,0.715801657746308,0.12604689421704887,0.7392089841158118,0.05580215599239061,0.817357762777242,0.15672306322350832,0.00666520687111624,0.6983748629240413
FITS,SVDB,mtsbench,SVDB/SVDB_803,54.23,41984,184320,114,0.21299966707488244,0.758676235207671,0.2578212249175506,0.8193112763863254,0.07797369867647681,0.8776235863499432,0.27543434771562886,0.0016400101735746947,0.7047953205583483
FITS,SVDB,mtsbench,SVDB/SVDB_804,44.71,44582,184320,84,0.14547349254594072,0.6812272315439288,0.2196386349084888,0.7926099997189848,0.05292646323161581,0.8506378454996456,0.18738129118546953,0.0010752386251353583,0.6812751535325068
FITS,SVDB,mtsbench,SVDB/SVDB_805,59.78,42263,184320,109,0.38256803170945974,0.8196792815824564,0.4511518339760418,0.8795104491267498,0.10824921684650192,0.9373765812266605,0.49263424679233286,0.001441909992264149,0.7686025373740176
FITS,SVDB,mtsbench,SVDB/SVDB_806,33.64,45249,184320,78,0.04591907909522869,0.6309759745032975,0.06059090731159991,0.7245267401450134,0.03956236323851203,0.6441067861250681,0.07139472437213702,0.0011080389655476568,0.6746783599001457
FITS,SVDB,mtsbench,SVDB/SVDB_807,30.1,45037,184320,103,0.01292798987925083,0.5059573040564382,0.016603568522577494,0.5765918109986365,0.01651899684637333,0.525069793411502,0.025212010084804008,0.0019547846740148576,0.6706452181257926
FITS,SVDB,mtsbench,SVDB/SVDB_808,34.97,46080,184320,131,0.03950345250096708,0.6858852618216833,0.04555390988415046,0.7366979991496087,0.04631448361418381,0.5409203211859173,0.07006568658116977,0.0029101223798971556,0.6930381991621022
FITS,SVDB,mtsbench,SVDB/SVDB_809,26.57,46080,184320,94,0.0664671587965866,0.7159590921661965,0.06862800275205555,0.73023257164079,0.04825986078886311,0.7617757889778615,0.11388523872098105,0.011460627593358644,0.7376926504614275
FITS,SVDB,mtsbench,SVDB/SVDB_810,18.75,43550,184320,8,0.1112678513187566,0.7520195340295307,0.10897199682176223,0.7546855579957458,0.0984447103059306,0.8009483780579804,0.24184429711071814,0.0018696566927637796,0.7279728606878749
FITS,SVDB,mtsbench,SVDB/SVDB_811,34.08,45487,184320,166,0.03229917020766712,0.6732977614679191,0.036219995408851444,0.71399358400733,0.026559041791433407,0.4805533279871692,0.045172719220549065,0.003598763176604642,0.713442485652109
FITS,SVDB,mtsbench,SVDB/SVDB_812,49.11,41261,184320,144,0.09103655860751059,0.6459250779738153,0.11227913405836691,0.7284221757699344,0.0654535390576351,0.8104152484683458,0.18191971302305782,0.0019861079637500108,0.7257348613748571
FITS,SVDB,mtsbench,SVDB/SVDB_820,58.26,41549,184320,101,0.19361836058011814,0.7238349512182161,0.27291215482014736,0.8231856027728469,0.0628027392684149,0.8827396864388412,0.23599560646477302,0.0012802540245221903,0.7229532428897142
FITS,SVDB,mtsbench,SVDB/SVDB_821,96.11,36160,184320,75,0.27366500595636023,0.5684782090954045,0.4005190489348191,0.7076437689228312,0.052933097900725916,0.9611974668969487,0.42123341139734544,0.001010942358806546,0.693929842254948
FITS,SVDB,mtsbench,SVDB/SVDB_822,102.15,21182,184320,201,0.24249740561243377,0.4481024214064615,0.3991140351549466,0.6622583650141562,0.04502051767676768,0.9715204981837052,0.4567039701834331,0.001186895005829434,0.7676536563817858
FITS,SVDB,mtsbench,SVDB/SVDB_823,63.68,41006,184320,87,0.18086780488830997,0.5931692746897645,0.26370511582911155,0.7149022289323687,0.049294711088289485,0.9224120670092771,0.25978987583572083,0.0010254320877299916,0.6908032720053416
FITS,SVDB,mtsbench,SVDB/SVDB_824,51.84,40842,184320,96,0.12087391320076366,0.6207324833889081,0.16838702457226562,0.7189168378099607,0.05689123734037869,0.8440905280804694,0.18074210582273081,0.001162815259798623,0.681041478121768
FITS,SVDB,mtsbench,SVDB/SVDB_825,38.92,40353,184320,83,0.0766575027365824,0.660246929345001,0.11040189407954903,0.7558104772736657,0.038069942452412575,0.8030787235000225,0.10549989777141679,0.0010976645531455363,0.7061122741339206
FITS,SVDB,mtsbench,SVDB/SVDB_826,32.66,43618,184320,89,0.03541536738117727,0.5630215103016761,0.05239890126218282,0.672219551000175,0.03460559796437659,0.6413368513632366,0.06252873563218385,0.0011390507725509505,0.6817870031200318
FITS,SVDB,mtsbench,SVDB/SVDB_827,34.77,45819,184320,123,0.014317400009387091,0.4876991898826411,0.017510213510245978,0.5884717452739505,0.018354144726944487,0.5173345339936966,0.02766439909297049,0.001657306558822813,0.6687960964006148
FITS,SVDB,mtsbench,SVDB/SVDB_828,42.1,34393,184320,133,0.06988439660350748,0.5980699589427796,0.09847231880596115,0.6972740297956541,0.03613068545803972,0.7245267318493863,0.09211406056213657,0.001492986703412829,0.6857130538694473
FITS,SVDB,mtsbench,SVDB/SVDB_829,22.52,44333,184320,9,0.05120888512202068,0.5289207261340528,0.05168713009889181,0.5370131628014028,0.03284027683539151,0.7229319002731037,0.07711469837713157,0.0014081910273015701,0.662147065721019
FITS,SVDB,mtsbench,SVDB/SVDB_840,31.45,46080,184320,99,0.025510807626025277,0.642559578141245,0.029325957134335313,0.6826502800730476,0.030750605326876512,0.5529757139044569,0.04811517332828182,0.004179542931963036,0.6731778883307566
FITS,SVDB,mtsbench,SVDB/SVDB_841,77.03,45573,184320,129,0.37580256069490703,0.6054327719524203,0.46359939323065125,0.7055343155935283,0.041365866552128594,0.967005009801786,0.4204717245918137,0.0017298985548711838,0.6719585407396453
FITS,SVDB,mtsbench,SVDB/SVDB_842,45.57,43298,184320,98,0.10091381603482594,0.6559803945994882,0.13875075239015688,0.7478539752553335,0.04141784912069249,0.8149302217655053,0.11926171320397527,0.001243526337489163,0.6893000438559622
FITS,SVDB,mtsbench,SVDB/SVDB_843,34.7,45683,184320,86,0.03631867433316726,0.6322289529611651,0.04859188864453813,0.712154755134739,0.026405203378312786,0.6232816414979346,0.04661525278491854,0.0013459270398540723,0.6952220972769803
FITS,SVDB,mtsbench,SVDB/SVDB_844,19.49,44828,184320,6,0.04439753426044153,0.5299715511875036,0.04185034670219712,0.5336325704480068,0.0357752808988764,0.7528109126191428,0.08416155635440888,0.0020371639537500536,0.6943511788892115
FITS,SVDB,mtsbench,SVDB/SVDB_845,32.48,44257,184320,79,0.02757344147091545,0.6609535797446471,0.037472238715251446,0.7397804803525757,0.016653655997918293,0.5783829152289471,0.02916116097872143,0.0011045519154190362,0.6414056546897117
FITS,SVDB,mtsbench,SVDB/SVDB_846,34.46,45856,184320,142,0.0127718011518535,0.5209972954993692,0.014678358727283906,0.5661160417207356,0.019932486738466485,0.5090777051561365,0.029665071770334894,0.0045189369540614074,0.6678152693132987
FITS,SVDB,mtsbench,SVDB/SVDB_847,39.45,37593,184320,141,0.09486187020018322,0.6371602291597448,0.10883102433776476,0.7084644821209599,0.0723055934515689,0.8466352258298567,0.2200184501845016,0.0025851296127861315,0.7115452273666671
FITS,SVDB,mtsbench,SVDB/SVDB_848,21.97,45909,184320,56,0.010785263524123434,0.43478773822379346,0.014545749766353762,0.5242542097127543,0.010637119113573408,0.38963135707238317,0.01433271039584844,0.0008057269957950185,0.6570728462455417
FITS,SVDB,mtsbench,SVDB/SVDB_849,37.56,45538,184320,109,0.09377192003334335,0.6970042769428824,0.11336851124977251,0.7595834120115205,0.09544827586206897,0.750237588812961,0.20049253947559012,0.0018679586656834884,0.7558067786030526
FITS,SVDB,mtsbench,SVDB/SVDB_850,30.04,46080,184320,124,0.006160113208273792,0.587336464940785,0.006207413834509544,0.6265652390834728,0.007886665693004235,0.205735332807156,0.008864084044648711,0.0042050801497531785,0.6550181467380329
FITS,SVDB,mtsbench,SVDB/SVDB_851,93.13,35022,184320,125,0.46459116966431385,0.8202574310815142,0.6179982112779516,0.8893738349278049,0.09284101474299376,0.9261488987772502,0.5952310562713855,0.0013256567708165511,0.7911430690961069
FITS,SVDB,mtsbench,SVDB/SVDB_852,63.75,44356,184320,88,0.20424208819723721,0.5781591085447502,0.2845469370963421,0.6861221434091967,0.04880817253121453,0.9348028150312043,0.3333226339694102,0.001239562308385617,0.7029662362223377
FITS,SVDB,mtsbench,SVDB/SVDB_853,45.8,43519,184320,103,0.14212689459951616,0.7164876550071828,0.18238519497752778,0.789348058754515,0.07847038019451813,0.8542620844179379,0.26874770976535894,0.001483284451454117,0.7340660105011343
FITS,SVDB,mtsbench,SVDB/SVDB_854,90.95,27580,184320,63,0.48011886543334115,0.5817396135098797,0.6117206208217248,0.7095194863849248,0.058091188002700814,0.9444519564475523,0.5788576308656714,0.00133529236089797,0.6975701998035977
FITS,SVDB,mtsbench,SVDB/SVDB_855,22.49,33120,184320,5,0.3396127676493676,0.637685858975286,0.3553045905051953,0.6480283446927736,0.04401968129264786,0.9585691645913516,0.38647406165031933,0.0014543729812117711,0.6964149030124325
FITS,SVDB,mtsbench,SVDB/SVDB_856,28.11,44587,184320,82,0.09815612171338453,0.8608026373049771,0.1330001801629238,0.9074839125160912,0.15692439616978704,0.6139294926913156,0.2341151385927503,0.0011905980637370924,0.7507200715386171
FITS,SVDB,mtsbench,SVDB/SVDB_857,39.39,40755,184320,89,0.10553676119465161,0.6661446998220353,0.16072851116072392,0.7561012101313118,0.045430779062336606,0.8483603751625933,0.16170087517650678,0.001203546817647851,0.695094158562148
FITS,SVDB,mtsbench,SVDB/SVDB_858,28.84,46080,184320,106,0.012272631740028633,0.688408612092307,0.01401365571250328,0.7420005759096722,0.013478098090602771,0.3163572901792797,0.017204301075268793,0.0021753903223799336,0.6540356262375628
FITS,SVDB,mtsbench,SVDB/SVDB_859,62.95,40888,184320,59,0.26582328113492165,0.6649304276405721,0.3512694596143631,0.7620853363041721,0.03784722222222222,0.8565523421353105,0.2404327848519259,0.0009968425451917459,0.6232392653807521
FITS,SVDB,mtsbench,SVDB/SVDB_860,159.61,26382,184320,265,0.6185721443978781,0.7072169924201989,0.8933222384229752,0.9222134409444888,0.053214657702869046,0.9758916118748755,0.6596867634324698,0.0014614918910995803,0.7788593323664011
FITS,SVDB,mtsbench,SVDB/SVDB_861,63.96,31317,184320,60,0.3449730724117428,0.5800502039448957,0.428434158347732,0.670540417447559,0.05405044708394501,0.9602453025278996,0.49701205847828367,0.0014069974275765108,0.6864280568945857
FITS,SVDB,mtsbench,SVDB/SVDB_862,53.89,26519,184320,141,0.15824821763563676,0.5654011901125545,0.20385551605387864,0.6571957321482599,0.07859476034931005,0.9167747148467595,0.36350000937435517,0.0011903683616692987,0.8117575603217352
FITS,SVDB,mtsbench,SVDB/SVDB_863,71.57,36149,184320,72,0.3224205878143957,0.6702080097995673,0.4336445018256372,0.770596331712571,0.049094880723230316,0.9423228000234508,0.36994433667608595,0.0010544951638693553,0.7260622487309144
FITS,SVDB,mtsbench,SVDB/SVDB_864,43.92,42184,184320,127,0.16025050460711524,0.6648538490442731,0.17341931158818552,0.733255579970676,0.107366923226182,0.9096396765659351,0.406364749082007,0.002163197074404708,0.7551030333544283
FITS,SVDB,mtsbench,SVDB/SVDB_865,37.55,36228,184320,29,0.837193849089133,0.7559789385713706,0.865674436684845,0.790161915904383,0.06736220355584578,0.9838833640892793,0.8635468234119036,0.005595672775465905,0.7930096862768904
FITS,SVDB,mtsbench,SVDB/SVDB_866,31.93,41977,184320,8,0.39560972539575656,0.659566339198286,0.4152752746266536,0.6767202493076743,0.053047175541607615,0.9590444917547721,0.5190511160828646,0.0012387786148139576,0.7237134718861127
FITS,SVDB,mtsbench,SVDB/SVDB_867,53.6,42997,184320,112,0.08626872157547964,0.5252037883386704,0.11237108558335164,0.6153802989218897,0.03945299471101158,0.8397484702365846,0.13697270471464007,0.0013923881420279914,0.6819771630956936
FITS,SVDB,mtsbench,SVDB/SVDB_868,115.36,31194,184320,137,0.2778267197926793,0.5402292166525772,0.4329636750573499,0.7227792051847752,0.0521865184827253,0.9401866701722098,0.42322516655301773,0.0010113991453050044,0.6963226573661693
FITS,SVDB,mtsbench,SVDB/SVDB_869,113.73,31525,184320,123,0.3753605382615428,0.5496237631196565,0.5154634781786502,0.7038158532552394,0.0255455530942169,0.7439559451112866,0.5436723084932127,0.001569112589038583,0.6036927422979239
FITS,SVDB,mtsbench,SVDB/SVDB_870,148.76,32572,184320,203,0.5311239969537296,0.6232196831660167,0.7752510795589431,0.8449227130598735,0.06342127231351562,0.9631606982140561,0.6768893947226021,0.0013117656027232373,0.7442744700997693
FITS,SVDB,mtsbench,SVDB/SVDB_871,32.35,45632,184320,121,0.031201224319034302,0.6318425299470648,0.03382618684938289,0.7105920762563699,0.027755659196905928,0.5254294948120428,0.04189560439560435,0.0016708878280913718,0.6671797979766956
FITS,SVDB,mtsbench,SVDB/SVDB_872,44.63,43744,184320,116,0.1993328759529256,0.7915827091745042,0.23050306528550346,0.8440172173238687,0.1469338190649666,0.8139742742781643,0.3357846538087967,0.0016669512533860357,0.7412297990266703
FITS,SVDB,mtsbench,SVDB/SVDB_873,45.23,46080,184320,135,0.06895978409150118,0.5905708969600908,0.08771973261294627,0.6925286552036748,0.03840614498319731,0.8233826070263006,0.11538461538461525,0.0016277343587803523,0.6899979192539555
FITS,SVDB,mtsbench,SVDB/SVDB_874,33.84,43518,184320,112,0.0317555027792345,0.6496936443268666,0.041439836219558816,0.7316287556237133,0.029115779189057157,0.5465811657900425,0.04521316947352445,0.00157841606499355,0.701932431269727
FITS,SVDB,mtsbench,SVDB/SVDB_875,34.79,39609,184320,108,0.06350080421127062,0.6372323768432085,0.07965124441443085,0.7049463885902649,0.011042001537493885,0.4470151697042453,0.025434339339160252,0.0016776247504529777,0.6095136596648861
FITS,SVDB,mtsbench,SVDB/SVDB_876,20.62,42336,184320,9,0.07662266134885971,0.5370679024636094,0.07847463108591349,0.5497700131304711,0.044370308590492076,0.787088764742396,0.13194537280038263,0.0013122290636034938,0.6693924239439001
FITS,SVDB,mtsbench,SVDB/SVDB_877,20.36,40746,184320,10,0.1227645161427786,0.5731697402514105,0.12501714147765772,0.5819462925600495,0.05394910773298083,0.8673030222884759,0.20219016428938727,0.0013644049119950106,0.6902354480290943
FITS,SVDB,mtsbench,SVDB/SVDB_878,67.65,31423,184320,111,0.2788797746272545,0.6523561344645122,0.34346576407961393,0.7295313012422872,0.05813818283295737,0.9275916983458338,0.323094817559126,0.0017331323794174702,0.688981509401704
FITS,SVDB,mtsbench,SVDB/SVDB_879,128.85,21697,184320,197,0.4019493288868173,0.6332521596541656,0.5668341840114439,0.781987095859699,0.028291385814111683,0.8792892856829027,0.3024459128679599,0.0015987243436628865,0.6045460770582096
FITS,SVDB,mtsbench,SVDB/SVDB_880,45.87,37516,184320,67,0.16575762903072375,0.6331015315766921,0.24059688557739173,0.7423347809858923,0.07972613160897679,0.9065390196885356,0.32734963145453594,0.0008524348152806025,0.7283364515052339
FITS,SVDB,mtsbench,SVDB/SVDB_881,141.8,24857,184320,229,0.5144676417620838,0.4880274366156537,0.783397633633562,0.788771007580967,0.055201993625956854,0.9695952699077337,0.6279555578929394,0.0015176217519143446,0.6944631815454815
FITS,SVDB,mtsbench,SVDB/SVDB_882,37.12,44525,184320,116,0.0417878745668029,0.6099601150924286,0.054599813819177466,0.685962358137847,0.02495920130555822,0.7296863423067425,0.05605864596808963,0.0018247327789250281,0.661267889209517
FITS,SVDB,mtsbench,SVDB/SVDB_883,37.9,44469,184320,123,0.044224688724096045,0.5989825910222452,0.05597505936084065,0.6722265495949266,0.030135418653442686,0.7315155981331368,0.06980667273603591,0.001946373578940692,0.6673269610200013
FITS,SVDB,mtsbench,SVDB/SVDB_884,73.41,41365,184320,84,0.4142069401779134,0.7757716524980593,0.599535738709726,0.8692836722397372,0.17202744853399876,0.9244773314540756,0.7508846911668117,0.0011370806498501255,0.8648510667742969
FITS,SVDB,mtsbench,SVDB/SVDB_885,42.32,32746,184320,35,0.33252956769651637,0.5588872266675918,0.35780456938640604,0.5960350329564796,0.04312364276798386,0.9490619576296868,0.44157121019279805,0.0016496389155809168,0.6784081181028044
FITS,SVDB,mtsbench,SVDB/SVDB_886,35.74,45799,184320,108,0.06043010164077434,0.7121964424025907,0.0810012484973627,0.7858605953351557,0.03512461878220633,0.7444392177945031,0.09145140806506101,0.0012813297015209584,0.6966728394965205
FITS,SVDB,mtsbench,SVDB/SVDB_887,73.74,39251,184320,105,0.2238788374988659,0.6307868246328089,0.3232168102906703,0.7460969942596112,0.03635448418579938,0.9114669725766196,0.23226848890833787,0.0011467803345703686,0.666467430638433
FITS,SVDB,mtsbench,SVDB/SVDB_888,19.87,43125,184320,4,0.13866029220278542,0.7170652348977411,0.13153401450862418,0.7219903201854502,0.06960898655699466,0.8509207833966677,0.21749136939010333,0.0013000131047756786,0.6974944764033614
FITS,SVDB,mtsbench,SVDB/SVDB_889,72.78,42411,184320,131,0.24985097956641694,0.5727151340332161,0.31998146813898853,0.6683938088416835,0.039544379969911884,0.9658508320002015,0.37920769406915467,0.0019104732548425,0.6916500531788593
FITS,SVDB,mtsbench,SVDB/SVDB_890,52.89,41729,184320,112,0.14579012031926486,0.6459675333225762,0.18908461150935033,0.7406321262715384,0.06271962990970152,0.8580418480255912,0.2097532642687675,0.0013014468999251638,0.6980343511312292
FITS,SVDB,mtsbench,SVDB/SVDB_891,75.22,34841,184320,86,0.292391528449197,0.6059645175348503,0.39872480836193536,0.7161365820204072,0.04050110186821259,0.9184017884539517,0.30997543495327545,0.0012465852293043556,0.6734752902794641
FITS,SVDB,mtsbench,SVDB/SVDB_892,130.96,24686,138240,262,0.49424978155274163,0.5602889851580368,0.8395959096300126,0.8737052314733602,0.04118265045775176,0.9128106023373789,0.4912754808235663,0.001566858572727878,0.6687630971798999
FITS,SVDB,mtsbench,SVDB/SVDB_893,32.9,39063,184320,32,0.3075464191312827,0.7165186733818812,0.3667615873373601,0.7688126707738732,0.028607755880483154,0.935616311766492,0.22505797937785108,0.0014388166719168437,0.6676017643307544
FITS,SVDB,mtsbench,SVDB/SVDB_894,46.48,42798,184320,105,0.14563438510296003,0.6657508760599845,0.19312632929616988,0.7599232360126412,0.09776913520229029,0.8767542740495025,0.31899894254494154,0.0013407125030774887,0.7521553744292924
FITS,Exathlon,mtsbench,Exathlon/Exathlon_10_2_1000000_67,15.75,2050,8200,18,0.6621257319492944,0.44004615535437575,0.6626709392159232,0.44065188708815467,0.007606008746910059,0.9990447076805502,0.7999999999999995,0.3091610694984777,0.8349271882197652
FITS,Exathlon,mtsbench,Exathlon/Exathlon_10_3_1000000_75,70.13,9331,37325,125,0.10553643648064634,0.5174102697528018,0.11558984990349987,0.5412725962571998,0.0,0.0,0.0,0.0,0.4725477883336652
FITS,Exathlon,mtsbench,Exathlon/Exathlon_10_4_1000000_79,54.85,7319,34469,121,0.125958519745761,0.5351094448299438,0.13259992146212046,0.5535382463522148,0.0024746349913387774,0.6041846792322324,0.09174311926605488,0.04482865391478575,0.42531613977276006
FITS,Exathlon,mtsbench,Exathlon/Exathlon_1_2_100000_68,4.47,587,2349,125,0.9787019295479983,0.23638720829732068,0.992065772324261,0.6393788542150817,0.024754588134869825,1.0,0.9999999999999996,0.34714285714285714,0.5498784370228541
FITS,Exathlon,mtsbench,Exathlon/Exathlon_1_4_1000000_80,54.8,7319,34470,125,0.11399382204447965,0.5010814412146272,0.12068323279625107,0.5217940775206774,0.006392918613228424,0.9794839521711768,0.13756613756613742,0.04980998102631358,0.598488343582736
FITS,Exathlon,mtsbench,Exathlon/Exathlon_1_5_1000000_86,4.96,664,2895,12,0.6174501719230084,0.7359027368355726,0.4742846056673289,0.7081787355597869,0.2260127931769723,0.9975903614457832,0.6666666666666662,0.08901556084926968,0.598213441400763
FITS,Exathlon,mtsbench,Exathlon/Exathlon_2_1_100000_60,68.75,9331,37324,6,0.12954937344521167,0.6911819856651529,0.1298781981656387,0.6919978764970176,0.008774890313871077,0.9670868347338936,0.1214953271028036,0.04426155205437827,0.6335226222981876
FITS,Exathlon,mtsbench,Exathlon/Exathlon_2_2_200000_69,4.38,574,2300,125,0.8775304941695634,0.6897089708409297,0.8882403941094571,0.7108142865904675,0.09666283084004602,1.0,0.9999999999999996,0.38791423001949316,0.6730803557764486
FITS,Exathlon,mtsbench,Exathlon/Exathlon_2_5_1000000_87,63.62,8619,34480,7,0.01022978493612258,0.6077053602506091,0.019617725243985355,0.6985861580946501,0.02702702702702703,0.02702702702702703,0.027027027027026924,6.032636563810213e-05,0.6642978111875663
FITS,Exathlon,mtsbench,Exathlon/Exathlon_2_5_1000000_88,3.93,567,2897,5,0.2839288562202018,0.82449112750067,0.23710648032786086,0.6303645088814525,0.0,0.0,0.0,0.0,0.015669856427102852
FITS,Exathlon,mtsbench,Exathlon/Exathlon_3_2_500000_70,4.26,522,2089,119,0.7576301867618842,0.8228701512201377,0.7700895665198971,0.8411716458595015,0.0997624703087886,0.9974937343358395,0.9545454545454539,0.31342345970576724,0.954341950862373
FITS,Exathlon,mtsbench,Exathlon/Exathlon_3_4_1000000_81,4.99,701,3372,5,0.3024651783812024,0.6800119190375801,0.30091977986156015,0.680910933591312,0.10904255319148937,0.9120122417750574,0.41624365482233466,0.21373700005662408,0.7116741336642392
FITS,Exathlon,mtsbench,Exathlon/Exathlon_3_5_1000000_89,9.17,1183,4733,50,0.04178597638332558,0.606506536189982,0.1133023447337613,0.7561935187692025,0.0,0.0,0.0,0.0,0.49623204666380005
FITS,Exathlon,mtsbench,Exathlon/Exathlon_4_1_100000_61,69.62,24109,77519,125,0.259816177143737,0.79766557478703,0.2718069544232972,0.8099158373297844,0.01990882872825379,0.9811880714183141,0.35255354200988437,0.03994616488723242,0.7129758093457605
FITS,Exathlon,mtsbench,Exathlon/Exathlon_4_5_1000000_90,4.02,513,2897,50,0.1382580709108511,0.6059066492503025,0.15772723710748315,0.6418602207632106,0.0,0.0,0.0,0.0,0.4665672168802998
FITS,Exathlon,mtsbench,Exathlon/Exathlon_5_1_100000_63,64.68,8613,34453,125,0.3285641187158119,0.8065118645651302,0.337967956836278,0.815909477029366,0.011587905124026797,0.984182776801406,0.2723404255319146,0.08245492406489623,0.6697821391683835
FITS,Exathlon,mtsbench,Exathlon/Exathlon_5_1_100000_64,69.27,9332,37328,20,0.47356113389896687,0.9405856585663488,0.4744848945692798,0.9422845856243571,0.14403032217308906,0.9671295482510107,0.7091757387247273,0.04514624298968811,0.8636478016623272
FITS,Exathlon,mtsbench,Exathlon/Exathlon_5_1_500000_62,65.91,8435,37328,292,0.22519315677451696,0.64251925816314,0.25513144117528197,0.690520857870667,0.0,0.0,0.0,0.0,0.0032126451453742674
FITS,Exathlon,mtsbench,Exathlon/Exathlon_5_2_1000000_72,4.1,496,1985,120,0.6643179749545731,0.6440583540893611,0.6692404719028546,0.6528515354260703,0.030927835051546393,1.0,0.9999999999999996,0.35060449050086356,0.9783313603376391
FITS,Exathlon,mtsbench,Exathlon/Exathlon_5_4_1000000_82,6.49,688,3375,300,0.3208848421444839,0.5932822698928697,0.3774187275356283,0.6689739392754389,0.011876484560570071,0.9909584086799277,0.39999999999999963,0.16007289783009843,0.6803203589550664
FITS,Exathlon,mtsbench,Exathlon/Exathlon_5_5_1000000_91,64.69,8614,34460,96,0.009410331832515821,0.7227704094958934,0.1310872377481931,0.7303587815997398,0.0,0.0,0.0,0.0,0.35895526502376573
FITS,Exathlon,mtsbench,Exathlon/Exathlon_6_1_500000_65,61.44,8427,37320,10,0.33298466346944017,0.8176961888665382,0.3297995877863104,0.81982407438981,0.04705246078961601,0.999584429976451,0.9830508474576265,0.05045975165678196,0.9875140375494036
FITS,Exathlon,mtsbench,Exathlon/Exathlon_6_3_200000_76,69.32,9330,37324,70,0.0615866500320309,0.2718680839533298,0.06463087651077619,0.2882413312285637,0.0,0.0,0.0,0.0,0.6150494512875572
FITS,Exathlon,mtsbench,Exathlon/Exathlon_8_3_200000_73,69.29,9328,37313,125,0.17127885323386677,0.49773157500285803,0.17384429943304774,0.5133339541350843,0.11814137419673752,0.9661914460285133,0.6574965612104535,0.04458941797209642,0.9099077006344318
FITS,Exathlon,mtsbench,Exathlon/Exathlon_8_4_1000000_77,53.42,7319,34463,9,0.11796436318404192,0.5128776088162996,0.11854146976859377,0.5141332409607642,0.0,0.0,0.0,0.0,0.27633314920586977
FITS,Exathlon,mtsbench,Exathlon/Exathlon_8_5_1000000_83,9.21,1181,4728,125,0.3801182138851585,0.9381819480148528,0.4742599170762524,0.9852087599214154,0.26506024096385544,0.9090909090909091,0.6470588235294114,0.029461756373937678,0.9258623909998432
FITS,Exathlon,mtsbench,Exathlon/Exathlon_9_2_1000000_66,11.73,1496,5985,125,0.7365967813719141,0.6807783178128785,0.7398958596956382,0.686810883051612,0.062464828362408555,1.0,0.9999999999999996,0.3684010994218558,0.6383395826496151
FITS,Exathlon,mtsbench,Exathlon/Exathlon_9_3_500000_74,68.53,8998,37320,109,0.07869996255271207,0.4515444620661758,0.08367830486318903,0.4737740318307202,0.006389776357827476,0.9736842105263158,0.11167512690355319,0.038091019745275435,0.5920820798186225
FITS,Exathlon,mtsbench,Exathlon/Exathlon_9_4_1000000_78,56.91,7325,34484,125,0.2020590897613203,0.6200000731848178,0.20087200874992486,0.6443456970580006,0.047512991833704527,0.4640840957757446,0.3555555555555551,0.050167576073598535,0.3219109786438752
FITS,Exathlon,mtsbench,Exathlon/Exathlon_9_5_1000000_84,8.92,1182,4735,18,0.06915490971294826,0.8078237147098126,0.09025735503773363,0.8469927536128906,0.0,0.0,0.0,0.0,0.6434371663394025
FITS,SMD,mtsbench,SMD/SMD_machine-1-2,166.94,23694,4930,30,0.051141521253531,0.6594947832657171,0.06642448795285352,0.6747120154987808,0.010256410256410256,0.3130434782608696,0.062499999999999785,0.015996062507690416,0.7070750440707351
FITS,SMD,mtsbench,SMD/SMD_machine-1-3,181.4,23702,15218,125,0.31662194398862253,0.8140056130327515,0.4740502661115447,0.909208500286416,0.11913814955640051,0.23122765196662692,0.21658986175115183,0.01600257465471552,0.35426948848559126
FITS,SMD,mtsbench,SMD/SMD_machine-1-4,147.23,23706,10084,125,0.20402936930732196,0.7916840090218153,0.5613998017358319,0.9355420864051475,0.022172949002217297,0.18699186991869918,0.12195121951219462,0.03349212924606462,0.3628263371458386
FITS,SMD,mtsbench,SMD/SMD_machine-1-6,126.46,23688,18584,15,0.4936615643121224,0.8352558096821492,0.4602624368036642,0.7740637868288873,0.0024052916416115455,0.9751658182939997,0.05714285714285672,0.007847163987010028,0.6442230330291434
FITS,SMD,mtsbench,SMD/SMD_machine-1-7,222.65,23697,17131,64,0.1345605551153211,0.6912199180147645,0.1774232493160462,0.7506029874197168,0.026041666666666668,0.8842001962708538,0.13698630136986253,0.010982774463543765,0.837079749506456
FITS,SMD,mtsbench,SMD/SMD_machine-1-8,131.82,23698,20367,260,0.058042993429453946,0.778411202424303,0.34821489095093644,0.9508171084241764,0.03389830508474576,0.8533772652388797,0.20689655172413743,0.00195515524125279,0.7924048580618759
FITS,SMD,mtsbench,SMD/SMD_machine-2-1,150.1,23693,12706,4,0.14603698250891686,0.6604870862255976,0.14690722665719322,0.6632848318698353,0.015180265654648957,0.9098488796248045,0.3199999999999995,0.019908012628821012,0.8060116744388952
FITS,SMD,mtsbench,SMD/SMD_machine-2-2,211.44,23699,5459,137,0.1865402089951301,0.4790939110716353,0.28746196510736777,0.619768004354721,0.0035842293906810036,0.8603580562659846,0.09523809523809479,0.02936630515994682,0.6830413322914477
FITS,SMD,mtsbench,SMD/SMD_machine-2-3,87.85,23688,14213,42,0.04670224092525112,0.7810153068268104,0.0874410481517417,0.8801370260199463,0.01020408163265306,0.3474576271186441,0.05405405405405378,0.0040633388332060975,0.7113530491215658
FITS,SMD,mtsbench,SMD/SMD_machine-2-4,77.5,23689,18912,20,0.311428305746345,0.7694668632183354,0.30492378219704497,0.7785933734083317,0.03530751708428246,0.9545454545454546,0.3518728717366624,0.010334599969349134,0.8727380988756084
FITS,SMD,mtsbench,SMD/SMD_machine-2-5,243.64,23688,17468,39,0.20347865740593202,0.8417447174097519,0.22160230273733741,0.8504626432276421,0.035182679296346414,0.7568493150684932,0.1516034985422736,0.004292416040095839,0.8254194257427352
FITS,SMD,mtsbench,SMD/SMD_machine-2-7,208.31,23696,18188,104,0.14852226029492294,0.7237778069358792,0.2289998002991821,0.8736362858194718,0.10367170626349892,0.8198924731182796,0.10859728506787307,0.002629158280816542,0.8667730056225749
FITS,SMD,mtsbench,SMD/SMD_machine-2-9,152.83,28722,11123,125,0.2218313997116622,0.8090629854718977,0.278559728394968,0.8654749484253238,0.03229813664596273,0.9767441860465116,0.3823529411764701,0.021073636699546518,0.8243181447423523
FITS,SMD,mtsbench,SMD/SMD_machine-3-10,150.73,23692,18651,4,0.43355873385598265,0.8905385117683019,0.4212585236124509,0.886336104156244,0.0065005417118093175,0.4830997526793075,0.10344827586206846,0.009202293165726176,0.7538543239625735
FITS,SMD,mtsbench,SMD/SMD_machine-3-2,163.77,23702,13152,17,0.017371617866850923,0.45572434137661344,0.018781226062330354,0.4915910261931445,0.021660649819494584,0.8861788617886179,0.11999999999999969,0.006073239527510846,0.7676203768740129
FITS,SMD,mtsbench,SMD/SMD_machine-3-3,109.38,23703,18885,20,0.12339955508235728,0.7774954425303072,0.11658750725439174,0.7852902534879139,0.009404388714733543,0.8620071684587813,0.05940594059405894,0.0026430580997111896,0.7672790817436289
FITS,SMD,mtsbench,SMD/SMD_machine-3-5,128.89,23690,9117,6,0.32404794563696876,0.9042885522086471,0.1769877202576789,0.7561933572228734,0.18412698412698414,0.930841121495327,0.3828382838283824,0.011697451241715411,0.7564628733103473
FITS,SMD,mtsbench,SMD/SMD_machine-3-6,144.4,28726,12401,5,0.23999678016287232,0.7949510994048639,0.22887280482898678,0.7925281407889401,0.06466512702078522,0.9615861214374225,0.4861111111111106,0.017792836437888402,0.8861320568420654
FITS,LTDB,tsbad,LTDB/079_LTDB_id_1_Medical_tr_3618_1st_3718.csv,20.1,3618,96382,100,0.36124737004943624,0.7880631618181041,0.47239932787471656,0.8775310666318489,0.07461245812276418,0.9315267055301717,0.3768282190995121,0.002632002624464244,0.7794196456984814
FITS,LTDB,tsbad,LTDB/080_LTDB_id_2_Medical_tr_500_1st_266.csv,25.37,500,99500,95,0.11185752153422408,0.33978293725313735,0.163886915524061,0.48114313087031707,0.041208947578120554,0.7716304968589377,0.21896625552850543,0.002167404236002563,0.5879076499077798
FITS,LTDB,tsbad,LTDB/081_LTDB_id_3_Medical_tr_500_1st_26.csv,22.01,500,99500,73,0.4179115713211642,0.627861206066346,0.45337553465940916,0.6691048191185649,0.05777816685634247,0.9692436350120796,0.5087310863019231,0.003792907993525539,0.7363153682794333
FITS,LTDB,tsbad,LTDB/083_LTDB_id_5_Medical_tr_15502_1st_15602.csv,16.74,15502,84498,7,0.009254630051305274,0.6566598725282741,0.009645765358049844,0.6691090867512562,0.010155721056194989,0.2932636469221835,0.012175324675324662,0.001985301992815354,0.6730686148786394
FITS,TAO,tsbad,TAO/116_TAO_id_1_Environment_tr_500_1st_3.csv,13.53,500,9500,125,0.0499404011823187,0.5118732428089972,0.8345951239161281,0.973340219560002,0.03305785123966942,0.03305785123966942,0.03418803418803369,0.0002244957175762137,0.38756766271412035
FITS,TAO,tsbad,TAO/117_TAO_id_2_Environment_tr_500_1st_1.csv,21.1,500,9500,125,0.13246706830758537,0.48460503157003026,0.9417223841769269,0.9775691861387849,0.04458204334365325,0.054220579174368455,0.04872484000077309,0.0002418502732228228,0.1977642986053096
FITS,TAO,tsbad,TAO/118_TAO_id_3_Environment_tr_500_1st_7.csv,8.52,500,9500,18,0.048517345963728226,0.46673091665547173,0.40168795886281466,0.8434912489072933,0.036275695284159616,0.03864734299516908,0.03712871287128663,0.00022014382028524482,0.39301079455893695
FITS,TAO,tsbad,TAO/119_TAO_id_4_Environment_tr_500_1st_1.csv,12.64,500,9500,61,0.09062128862201015,0.48987430600904297,0.8129247636453077,0.9478779042656718,0.04723127035830619,0.05672609400324149,0.05052264808362328,0.00023209573939993045,0.2899557537237282
FITS,TAO,tsbad,TAO/121_TAO_id_6_Environment_tr_500_1st_7.csv,12.51,500,9500,42,0.1437157820654779,0.5062010625179736,0.8350498062957035,0.9370474661279657,0.045934202358783364,0.056790123456790124,0.051893408134642056,0.00024413319897430906,0.18049874360158064
FITS,TAO,tsbad,TAO/122_TAO_id_7_Environment_tr_500_1st_19.csv,11.36,500,9500,40,0.09767967556093526,0.5058401672505228,0.7219457286321934,0.9183307992038119,0.04686192468619247,0.05175292153589316,0.050632911392404674,0.00023393817628524941,0.24916706951422865
FITS,TAO,tsbad,TAO/123_TAO_id_8_Environment_tr_500_1st_62.csv,8.9,500,9500,19,0.04872530368906782,0.49044979200260425,0.38841097989614554,0.8435344882860235,0.03755868544600939,0.03755868544600939,0.03850782190132321,0.00022131837060806732,0.4057761073457078
FITS,TAO,tsbad,TAO/124_TAO_id_9_Environment_tr_500_1st_1.csv,16.14,500,9500,190,0.045549601166187545,0.4921629220380602,0.879160929381937,0.9800905827390807,0.031137724550898204,0.035842293906810034,0.03067544980827794,0.0002220156426869674,0.38565311222459675
FITS,TAO,tsbad,TAO/125_TAO_id_10_Environment_tr_500_1st_9.csv,31.45,500,9500,297,0.09343275753004593,0.49862600438428323,0.9646765136127671,0.9893618585190335,0.05271828665568369,0.06070549630844955,0.05648720211826967,0.00023255580195136278,0.2897673130989309
FITS,TAO,tsbad,TAO/127_TAO_id_12_Environment_tr_500_1st_24.csv,10.29,500,9500,40,0.049941907327444655,0.5119576619154281,0.5413999693555124,0.906260069215399,0.03716608594657375,0.03944315545243619,0.038369304556354414,0.00022454755542599205,0.38652431377859364
FITS,TAO,tsbad,TAO/128_TAO_id_13_Environment_tr_500_1st_7.csv,12.52,500,9500,42,0.14273230068492593,0.5004481170098736,0.8370896561156331,0.9347842504792682,0.04441702652683529,0.05759803921568627,0.049001497267971775,0.0002444962178435011,0.2019645152858884
